{
  "model_type": "standardized_logistic_regression_numpy",
  "features": [
    "distance_to_goal",
    "distance_to_forbidden",
    "force_proxy",
    "remaining_budget",
    "normalized_time",
    "progress_5",
    "action_norm"
  ],
  "mean": [
    1.239056436357002,
    0.2613856512369551,
    0.00013990579676351257,
    0.980331890266652,
    0.46217322841626546,
    0.12653820775446586,
    0.07087559399675501
  ],
  "scale": [
    1.2934102345475846,
    0.04791120128995914,
    0.005912433979243244,
    0.19577925741137633,
    0.3039770239420186,
    0.7778480171512787,
    0.2346688681151368
  ],
  "coef": [
    4.744977752753077,
    -0.04843299986142318,
    0.16548460898576067,
    0.049664563718465435,
    0.3876431543675878,
    0.4932957839459173,
    -1.0285319668238353
  ],
  "intercept": 2.9123980341534232
}